vcash,vCash,XVC,vcash
riecoin,rie,RIC,riecoin
golem,GNT,golemproject
gnosis,Gnosis,GNO,gnosisPM
expanse,EXP,expanseofficial
civic,cvc,civicplatform
burst,Burst,BURST,burstcoin
librarycredit,library-credit,lbry,LBC,lbry
clams,Clams,CLAM,clamcoin
bitcore,Bitcore,BTX,bitcore_btx
substratum,Substratum,SUB,substratumnetwork
waves,wavesplatform
dash,dashpay
omisego,OMG,omise_go
salt,saltcoin
walton,WTC,waltonchain
bytom,BTM,bytomblockchain
bitcoin,Bitcoin,BTC,bitcoin
ethereum,Ethereum,ETH,ethereum
bitcoin-cash,Bitcoin Cash,BCH,bitcoincash
ripple,Ripple,XRP,ripple
litecoin,Litecoin,LTC,litecoin
iota,IOTA,MIOTA,iota
monero,Monero,XMR,monero
nem,NEM,XEM,nem
eos,EOS,EOS,eos
cardano,Cardano,ADA,cardano
ethereum-classic,Ethereum Classic,ETC,ethereumclassic
neo,NEO,NEO,neo
stellar,Stellar,XLM,stellar
bitconnect,BitConnect,BCC,bitconnect
qtum,Qtum,QTUM,qtum
lisk,Lisk,LSK,lisk
ardor,Ardor,ARDR,ardor
stratis,Stratis,STRAT,stratis
tether,Tether,USDT,tether
monacoin,MonaCoin,MONA,monacoin
nxt,Nxt,NXT,nxt
bitshares,BitShares,BTS,bitshares
bytecoin-bcn,Bytecoin,BCN,bytecoinbcn
decred,Decred,DCR,decred
steem,Steem,STEEM,steem
dogecoin,Dogecoin,DOGE,dogecoin
augur,Augur,REP,augur
vertcoin,Vertcoin,VTC,vertcoin
siacoin,Siacoin,SC,siacoin
einsteinium,Einsteinium,EMC2,einsteinium
santiment,Santiment Network Token,SAN,santiment
pivx,PIVX,PIVX,pivx
maidsafecoin,MaidSafeCoin,MAID,maidsafecoin
decentraland,Decentraland,MANA,decentraland
factom,Factom,FCT,factom
basic-attention-token,Basic Attention Token,BAT,basicattentiontoken
tenx,TenX,PAY,tenx
qash,QASH,QASH,qash
syscoin,Syscoin,SYS,syscoin
raiblocks,RaiBlocks,XRB,raiblocks
power-ledger,Power Ledger,POWR,powerledger
bitcoindark,BitcoinDark,BTCD,bitcoindark
kyber-network,Kyber Network,KNC,kybernetwork
byteball,Byteball Bytes,GBYTE,byteball
gas,Gas,GAS,gas
funfair,FunFair,FUN,funfair
zcoin,ZCoin,XZC,zcoin
aeternity,Aeternity,AE,aeternity
bancor,Bancor,BNT,bancor
vechain,VeChain,VEN,vechain
digibyte,DigiByte,DGB,digibyte
verge,Verge,XVG,verge
nav-coin,NAV Coin,NAV,navcoin
request-network,Request Network,REQ,requestnetwork
edgeless,Edgeless,EDG,edgeless
rchain,RChain,RHOC,rchain
paypie,PayPie,PPP,paypie
storj,Storj,STORJ,storj
peercoin,Peercoin,PPC,peercoin
singulardtv,SingularDTV,SNGLS,singulardtv
bitbay,BitBay,BAY,bitbay
skycoin,Skycoin,SKY,skycoin
minexcoin,MinexCoin,MNX,minexcoin
feathercoin,Feathercoin,FTC,feathercoin
particl,Particl,particl
groestlcoin,Groestlcoin,GRS,groestlcoin
lykke,Lykke,LKK,lykke
ubiq,Ubiq,UBQ,ubiq
potcoin,PotCoin,POT,potcoin
ripio-credit-network,Ripio Credit Network,RCN,ripiocreditnetwork
sonm,SONM,SNM,sonm
quantstamp,Quantstamp,QSP,quantstamp
viacoin,Viacoin,VIA,viacoin
counterparty,Counterparty,XCP,counterparty
loopring,Loopring,LRC,loopring
open-trading-network,Open Trading Network,OTN,opentradingnetwork
faircoin,FairCoin,FAIR,faircoin
smartcash,SmartCash,smartcash
eidoo,Eidoo,EDO,eidoo
aeon,Aeon,AEON,aeon
namecoin,Namecoin,NMC,namecoin
emercoin,Emercoin,EMC,emercoin
reddcoin,ReddCoin,RDD,reddcoin
pillar,Pillar,PLR,pillar
cofound-it,Cofound.it,CFI,cofoundit
xtrabytes,XTRABYTES,XBY,xtrabytes
neblio,Neblio,NEBL,neblio
dentacoin,Dentacoin,DCN,dentacoin
airswap,AirSwap,AST,airswap
wagerr,Wagerr,WGR,wagerr
blocktix,Blocktix,TIX,blocktix
coindash,CoinDash,CDT,coindash
sibcoin,SIBCoin,SIB,sibcoin
whitecoin,WhiteCoin,XWC,whitecoin
tierion,Tierion,TNT,tierion
vericoin,VeriCoin,VRC,vericoin
okcash,OKCash,okcash
crown,Crown,CRW,crown
spankchain,SpankChain,SPANK,spankchain
enjin-coin,Enjin Coin,ENJ,enjincoin
salus,SaluS,SLS,salus
gulden,Gulden,NLG,gulden
blackcoin,BlackCoin,BLK,blackcoin
synereo,Synereo,AMP,synereo
numeraire,Numeraire,NMR,numeraire
district0x,district0x,DNT,district0x
gridcoin,GridCoin,GRC,gridcoin
fedoracoin,FedoraCoin,TIPS,fedoracoin
ixledger,iXledger,IXT,ixledger
nolimitcoin,NoLimitCoin,NLC2,nolimitcoin
omni,Omni,OMNI,omni
transfercoin,TransferCoin,TX,transfercoin
cindicator,Cindicator,CND,cindicator
etheroll,Etheroll,DICE,etheroll
encryptotel,EncryptoTel [WAVES],ETT,encryptotel
aventus,Aventus,AVT,aventus
red-pulse,Red Pulse,RPX,redpulse
viberate,Viberate,VIB,viberate
leocoin,LEOcoin,LEO,leocoin
unikoin-gold,Unikoin Gold,UKG,unikoingold
boolberry,Boolberry,BBR,boolberry
ethlend,ETHLend,LEND,ethlend
digitalnote,DigitalNote,XDN,digitalnote
rubycoin,Rubycoin,RBY,rubycoin
swarm-city,Swarm City,SWT,swarmcity
stox,Stox,STX,stox
atbcoin,ATBCoin,ATB,atbcoin
genesis-vision,Genesis Vision,GVT,genesisvision
soarcoin,Soarcoin,SOAR,soarcoin
etherparty,Etherparty,FUEL,etherparty
everex,Everex,EVX,everex
neoscoin,NeosCoin,NEOS,neoscoin
suncontract,SunContract,SNC,suncontract
nimiq,Nimiq,NET,nimiq
solarcoin,SolarCoin,SLR,solarcoin
oxycoin,Oxycoin,OXY,oxycoin
casinocoin,CasinoCoin,CSC,casinocoin
clearpoll,ClearPoll,POLL,clearpoll
unobtanium,Unobtanium,UNO,unobtanium
foldingcoin,FoldingCoin,FLDC,foldingcoin
vcash,Vcash,XVC,vcash
pascal-coin,Pascal Coin,PASC,pascalcoin
florincoin,FlorinCoin,FLO,florincoin
lomocoin,LoMoCoin,LMC,lomocoin
rivetz,Rivetz,RVT,rivetz
domraider,DomRaider,DRT,domraider
masternodecoin,Masternodecoin,MTNC,masternodecoin
blackmoon-crypto,Blackmoon Crypto,BMC,blackmooncrypto
heat-ledger,HEAT,HEAT,heatledger
maecenas,Maecenas,ART,maecenas
monetha,Monetha,MTH,monetha
encrypgen,EncrypGen,DNA,encrypgen
exchange-union,Exchange Union,XUC,exchangeunion
primas,Primas,PST,primas
